{"CT-Abdomen": {"postcava": [[244.8001455798728, 5.314270814858824], [7.183679633251858, 5.168810995426391], [7.183679633251858, 5.168810995426391], [7.183679633251858, 5.168810995426391]], "aorta": [[570.5260544851909, 8.97527503179567], [3.3715049586348242, 1.4971164544774238], [3.3715049586348242, 1.4971164544774238], [3.3715049586348242, 1.4971164544774238]], "right kidney": [[831.8568013426873, 14.991866448573818], [4.970270375121704, 3.050385928796316], [4.970270375121704, 3.050385928796316], [4.970270375121704, 3.050385928796316]], "kidney": [[824.7288483151449, 17.740666994112335], [5.134294543833492, 3.188304874790919], [5.134294543833492, 3.188304874790919], [5.134294543833492, 3.188304874790919]], "left kidney": [[765.9269280548916, 14.314482540419498], [5.084499568327313, 3.2061871556243515], [5.084499568327313, 3.2061871556243515], [5.084499568327313, 3.2061871556243515]], "duodenum": [[121.5002253116006, 5.0616837393558045], [13.60882943690214, 15.313999640884173], [13.60882943690214, 15.313999640884173], [13.60882943690214, 15.313999640884173]], "pancreas": [[182.85416969377923, 6.9039775525067135], [17.489564177159146, 14.924761571311656], [17.489564177159146, 14.924761571311656], [17.489564177159146, 14.924761571311656]], "liver": [[481.5690096331249, 8.413924027868077], [6.047563882283547, 6.86712354789198], [6.047563882283547, 6.86712354789198], [6.047563882283547, 6.86712354789198]], "spleen": [[496.77984794364835, 8.498216025126785], [14.594250163059534, 10.71357260923987], [14.594250163059534, 10.71357260923987], [14.594250163059534, 10.71357260923987]], "stomach": [[137.7555592980079, 3.928159238756134], [5.978844398494112, 10.238758157160921], [5.978844398494112, 10.238758157160921], [5.978844398494112, 10.238758157160921]], "gallbladder": [[109.56988864543307, 3.4765854683723596], [32.35084093358493, 41.113482214152384], [32.35084093358493, 41.113482214152384], [32.35084093358493, 41.113482214152384]], "left adrenal gland": [[121.60075395406241, 4.266683492995461], [17.017417548383662, 18.48528509828753], [17.017417548383662, 18.48528509828753], [17.017417548383662, 18.48528509828753]], "adrenal gland": [[182.4265613513338, 7.813186080282246], [18.97442893128976, 20.599617257380345], [18.97442893128976, 20.599617257380345], [18.97442893128976, 20.599617257380345]], "right adrenal gland": [[158.21570288963346, 5.736947411814261], [17.17089273745977, 19.09450167978653], [17.17089273745977, 19.09450167978653], [17.17089273745977, 19.09450167978653]], "esophagus": [[253.86092392814248, 6.886078359154348], [13.252110919965341, 15.437200766467301], [13.252110919965341, 15.437200766467301], [13.252110919965341, 15.437200766467301]]}, "CT-Chest": {"nodule": [[115.14726334918862, 3.0043952160348844], [5.275338876748403, 7.899248653413393], [5.275338876748403, 7.899248653413393], [5.275338876748403, 7.899248653413393]], "COVID-19 infection": [[226.93782607812352, 10.662200522447263], [11.74323002038987, 23.773784082857407], [11.74323002038987, 23.773784082857407], [11.74323002038987, 23.773784082857407]], "tumor": [[81.39154648592063, 3.0363381821985254], [9.799683628807484, 19.248706134279548], [9.799683628807484, 19.248706134279548], [9.799683628807484, 19.248706134279548]]}, "MRI-Abdomen": {"aorta": [[840.9822169946456, 13.699556855062456], [2.9798604461548766, 1.19765659474954], [2.9798604461548766, 1.19765659474954], [2.9798604461548766, 1.19765659474954]], "postcava": [[151.3891903352374, 4.700455115571472], [3.065810750535689, 2.074722812609995], [3.065810750535689, 2.074722812609995], [3.065810750535689, 2.074722812609995]], "right kidney": [[613.4017011464975, 11.282616103318485], [4.63815461741129, 2.2967740371944867], [4.63815461741129, 2.2967740371944867], [4.63815461741129, 2.2967740371944867]], "duodenum": [[88.51851857758399, 5.251374959142798], [9.350910364523573, 8.85976960554745], [9.350910364523573, 8.85976960554745], [9.350910364523573, 8.85976960554745]], "kidney": [[831.5762248415444, 18.739059302777875], [5.715871882386201, 2.6205541393599527], [5.715871882386201, 2.6205541393599527], [5.715871882386201, 2.6205541393599527]], "left kidney": [[255.4744196400276, 5.573793361388763], [6.081920320421431, 2.930383603114708], [6.081920320421431, 2.930383603114708], [6.081920320421431, 2.930383603114708]], "liver": [[491.1931789168259, 9.294627086787225], [10.138029098677139, 6.28829088692463], [10.138029098677139, 6.28829088692463], [10.138029098677139, 6.28829088692463]], "pancreas": [[136.2304629992425, 5.676744286342953], [19.631392824605342, 11.528214201070567], [19.631392824605342, 11.528214201070567], [19.631392824605342, 11.528214201070567]], "gallbladder": [[75.18767252055355, 2.8711737605829892], [14.500831537679415, 20.696868858705496], [14.500831537679415, 20.696868858705496], [14.500831537679415, 20.696868858705496]], "stomach": [[89.16380420023327, 4.461224829090838], [10.266772743753412, 16.943404348738376], [10.266772743753412, 16.943404348738376], [10.266772743753412, 16.943404348738376]], "spleen": [[413.92566589639046, 7.99961594912814], [7.267087388529462, 5.149714876028216], [7.267087388529462, 5.149714876028216], [7.267087388529462, 5.149714876028216]], "left adrenal gland": [[86.44109991236728, 4.826813402237061], [17.153928230900817, 14.858036650050408], [17.153928230900817, 14.858036650050408], [17.153928230900817, 14.858036650050408]], "adrenal gland": [[303.9642820935704, 16.729857009916806], [19.500678047021523, 17.02588768312544], [19.500678047021523, 17.02588768312544], [19.500678047021523, 17.02588768312544]], "right adrenal gland": [[172.36803145644578, 8.050377438528958], [15.257519917725558, 13.431078702905772], [15.257519917725558, 13.431078702905772], [15.257519917725558, 13.431078702905772]], "esophagus": [[193.1348898340059, 7.6397334220243325], [12.240331385391299, 16.812971132953354], [12.240331385391299, 16.812971132953354], [12.240331385391299, 16.812971132953354]]}, "MRI-Cardiac": {"left heart ventricle": [[964.9072936969454, 17.21177762137991], [5.880290818671821, 4.100959742819713], [5.880290818671821, 4.100959742819713], [5.880290818671821, 4.100959742819713]], "myocardium": [[448.3393673888417, 17.591805257426998], [5.208511169313307, 15.910705163394415], [5.208511169313307, 15.910705163394415], [5.208511169313307, 15.910705163394415]], "right heart ventricle": [[359.88937669636215, 9.392153523781843], [5.924076424141962, 5.554667293878979], [5.924076424141962, 5.554667293878979], [5.924076424141962, 5.554667293878979]]}, "MRI-FLAIR-Brain": {"edema": [[69.4159007224176, 5.568921766085619], [13.400334168570177, 4.965265405638592], [13.400334168570177, 4.965265405638592], [13.400334168570177, 4.965265405638592]], "tumor core": [[154.26935124167449, 8.089254912853598], [14.908340542645478, 4.820086393609397], [14.908340542645478, 4.820086393609397], [14.908340542645478, 4.820086393609397]], "whole tumor": [[485.48717118600956, 16.01178236475156], [25.74323915508559, 8.636438181178145], [25.74323915508559, 8.636438181178145], [25.74323915508559, 8.636438181178145]]}, "MRI-T1-Gd-Brain": {"enhancing tumor": [[175.6437881777937, 7.539344668413025], [17.864705093992068, 5.36432831714689], [17.864705093992068, 5.36432831714689], [17.864705093992068, 5.36432831714689]], "non-enhancing tumor": [[37.6625733247702, 3.8454536110058246], [6.568014639412233, 8.446289690167484], [6.568014639412233, 8.446289690167484], [6.568014639412233, 8.446289690167484]], "tumor core": [[180.88223552813486, 6.610443841067055], [9.70294999498087, 5.30262880784197], [9.70294999498087, 5.30262880784197], [9.70294999498087, 5.30262880784197]]}, "Pathology": {"connective tissue cells": [[46.71165884847293, 4.997126203483956], [9.942495884846476, 15.700775443760845], [4.328453739888501, 18.42621798468577], [9.798096322131162, 11.920352021312304]],